	ref_pos	ref_sub	query_sub	query_pos	nearest_mismatch	nearest_end	ref_len	query_len	ref_context	query_context	ref_strand	query_strand	ref_chrom	query_chrom
0	44461	T	G	17	17	17	200000	22222	TACCTACGAACAGACACTGGATGGCAGGAAGACATCGATTCTA	-----ACGAACAGACACTGGAGGGCAGGAAGACATCGATTCTA	1	1	random_original_genome	mutated_genome_2
1	44608	T	A	164	128	164	200000	22222	GTCGACCTTTAAGGCACGCGTTTACTTCTTGCTTGGCCGGTAT	GTCGACCTTTAAGGCACGCGTATACTTCTTGCTTGGCCGGTAT	1	1	random_original_genome	mutated_genome_2
2	44736	A	C	292	128	292	200000	22222	TTTAGAATGGTATACTACGTTAAACTGACGATGTGCGCGGCAT	TTTAGAATGGTATACTACGTTCAACTGACGATGTGCGCGGCAT	1	1	random_original_genome	mutated_genome_2
3	45027	T	C	583	21	583	200000	22222	AGATCTTAATAGGGACGATAATAACTTTAGGTAGGCCACCATC	AGATCTTAATAGGGACGATAACAACTTTAGGTAGGCCACCATG	1	1	random_original_genome	mutated_genome_2
4	45048	C	G	604	21	604	200000	22222	TAACTTTAGGTAGGCCACCATCCAGAGCAAACCCTGTTACCCC	CAACTTTAGGTAGGCCACCATGCAGAGCAAACCCTGTTACCCC	1	1	random_original_genome	mutated_genome_2
5	45088	C	G	644	40	644	200000	22222	CCCAAGTTTCGCATTGCAATCCCGTCTCCTAATGATATGTCTA	CCCAAGTTTCGCATTGCAATCGCGTCTCCTAATGATATGTCTA	1	1	random_original_genome	mutated_genome_2
6	45132	C	A	688	25	688	200000	22222	CGGCCGGCGCTGTAACACATACGTGCGATCATTAAGGCGCGTC	CGGCCGGCGCTGTAACACATAAGTGCGATCATTAAGGCGCGTC	1	1	random_original_genome	mutated_genome_2
7	45157	T	A	713	25	713	200000	22222	CGATCATTAAGGCGCGTCTAGTCACCGGCATTTTACCCGTGAT	CGATCATTAAGGCGCGTCTAGACACCGGCATTTTACCCGTGAT	1	1	random_original_genome	mutated_genome_2
8	45188	G	T	744	11	744	200000	22222	TTTACCCGTGATGTGTCTATCGTGCACTCGAGCGTAGCGAGTC	TTTACCCGTGATGTGTCTATCTTGCACTCGAGTGTAGCGAGTC	1	1	random_original_genome	mutated_genome_2
9	45199	C	T	755	11	755	200000	22222	TGTGTCTATCGTGCACTCGAGCGTAGCGAGTCTTGATCGCATC	TGTGTCTATCTTGCACTCGAGTGTAGCGAGTCTTGATCGCATC	1	1	random_original_genome	mutated_genome_2
10	45281	T	C	837	7	837	200000	22222	CTCATTAACATGCTTGCCTCATAGACGCAATCAATATCCGTCT	CTCATTAACATGCTTGCCTCACAGACGCTATCAATATCCGTCT	1	1	random_original_genome	mutated_genome_2
11	45288	A	T	844	7	844	200000	22222	ACATGCTTGCCTCATAGACGCAATCAATATCCGTCTTCCCGGA	ACATGCTTGCCTCACAGACGCTATCAATATCCGTCTTCCCGGA	1	1	random_original_genome	mutated_genome_2
12	45385	A	T	941	31	941	200000	22222	TTATACCGACGAGGTATGGACAGGATTATACTTACGTTTAATA	TTATACCGACGAGGTATGGACTGGATTATACTTACGTTTAATA	1	1	random_original_genome	mutated_genome_2
13	45416	A	T	972	11	972	200000	22222	TTACGTTTAATATGACTCGCGATCACCTTAGCGTATGAGTGGC	TTACGTTTAATATGACTCGCGTTCACCTTAGCCTATGAGTGGC	1	1	random_original_genome	mutated_genome_2
14	45427	G	C	983	11	983	200000	22222	ATGACTCGCGATCACCTTAGCGTATGAGTGGCCGCAGTAAGAA	ATGACTCGCGTTCACCTTAGCCTATGAGTGGCCGCAGTAAGAA	1	1	random_original_genome	mutated_genome_2
15	45467	T	G	1023	40	1023	200000	22222	GAATGGGGAATCCCACGCGTATACTGGCTCGAAGGCAAGGCAT	GAATGGGGAATCCCACGCGTAGACTGGCTCGAAGGCAAGGCAT	1	1	random_original_genome	mutated_genome_2
16	45541	G	A	1097	19	1097	200000	22222	ATCAGACCAGAAGTTGAACCGGCGTACCCCGTGTCTTCCACGC	ATCAGACCAGAAGTTGAACCGACGTACCCCGTGTCTTCCAAGC	1	1	random_original_genome	mutated_genome_2
17	45560	C	A	1116	19	1116	200000	22222	CGGCGTACCCCGTGTCTTCCACGCATCAACCCATTGTATTGGG	CGACGTACCCCGTGTCTTCCAAGCATCAACCCATTGTATTGGG	1	1	random_original_genome	mutated_genome_2
18	45632	A	G	1188	25	1188	200000	22222	TAGTGTAGAGCAATTTATGAGATATCTGAAATAGTGGCTGGTG	TAGTGTAGAGCAATTTATGAGGTATCTGAAATAGTGGCTGGTG	1	1	random_original_genome	mutated_genome_2
19	45657	A	G	1213	25	1213	200000	22222	CTGAAATAGTGGCTGGTGAAGAGCGTACTCAGTGCAAACGGCG	CTGAAATAGTGGCTGGTGAAGGGCGTACTCAGTGCAAACGGCG	1	1	random_original_genome	mutated_genome_2
20	45696	T	C	1252	39	1252	200000	22222	GGCGCGACGTAAGCCGAGTTGTCACATAATAGTCGCCAATTGA	GGCGCGACGTAAGCCGAGTTGCCACATAATAGTCGCCAATTGA	1	1	random_original_genome	mutated_genome_2
21	45740	T	A	1296	22	1296	200000	22222	CTAGAATAGTGCAGCATTTTGTCCAACGATCTGCAGACACGCT	CTAGAATAGTGCAGCATTTTGACCAACGATCTGCAGACACGCT	1	1	random_original_genome	mutated_genome_2
22	45762	C	T	1318	22	1318	200000	22222	CCAACGATCTGCAGACACGCTCCAGTAACCGAGCATAAGAAAT	CCAACGATCTGCAGACACGCTTCAGTAACCGAGCATAAGAAAT	1	1	random_original_genome	mutated_genome_2
23	46002	C	T	1558	12	1558	200000	22222	ATGTCTAGGGCTTCGCTCAGCCAGATTCATCGCACATACTACT	ATGTCTAGGGCTTCGCTCAGCTAGATTCATCGCTCATACTACT	1	1	random_original_genome	mutated_genome_2
24	46014	A	T	1570	12	1570	200000	22222	TCGCTCAGCCAGATTCATCGCACATACTACTCGGATGCACGGA	TCGCTCAGCTAGATTCATCGCTCATACTACTCGGATGCACGGA	1	1	random_original_genome	mutated_genome_2
25	46062	A	T	1618	19	1618	200000	22222	CCACCGCTAATAAATATCACCATCATTTAGTTACAGCAGCAGC	CCACCGCTAATAAATATCACCTTCATTTAGTTACAGCAGCTGC	1	1	random_original_genome	mutated_genome_2
26	46081	A	T	1637	19	1637	200000	22222	CCATCATTTAGTTACAGCAGCAGCGCACCGTCATCGTTGTAAC	CCTTCATTTAGTTACAGCAGCTGCGCACCGTCATCGTTGTAAC	1	1	random_original_genome	mutated_genome_2
27	46181	G	T	1737	7	1737	200000	22222	TTGCACACGGACCCTAAGCATGGGTTGGGTGGTTCACACTCAG	TTGCACACGGACCCTAAGCATTGGTTGGTTGGTTCACACTCAG	1	1	random_original_genome	mutated_genome_2
28	46188	G	T	1744	7	1744	200000	22222	CGGACCCTAAGCATGGGTTGGGTGGTTCACACTCAGCGCGCTA	CGGACCCTAAGCATTGGTTGGTTGGTTCACACTCAGCGCGCTA	1	1	random_original_genome	mutated_genome_2
29	46484	G	A	2040	78	2040	200000	22222	CTGTGTGTGGCCGCTAATAGGGACCCAGATCCCCTCGGGTTCC	CTGTGTGTGGCCGCTAATAGGAACCCAGATCCCCTCGGGTTCC	1	1	random_original_genome	mutated_genome_2
30	46562	A	C	2118	34	2118	200000	22222	CGCTGATATCGGAATTAAGATACCCGAGGCCGTAAGTCACTAG	CGCTGATATCGGAATTAAGATCCCCGAGGCCGTAAGTCACTAG	1	1	random_original_genome	mutated_genome_2
31	46596	G	C	2152	34	2152	200000	22222	AGTCACTAGCCACAGTGGGCCGGCGAGTCAGACATAGAGCTAG	AGTCACTAGCCACAGTGGGCCCGCGAGTCAGACATAGAGCTAG	1	1	random_original_genome	mutated_genome_2
32	46669	A	T	2225	21	2225	200000	22222	GCCGCTTCCCACGAAAAAAAGAATGTCAGTAAAACATGCGCAC	GCCGCTTCCCACGAAAAAAAGTATGTCAGTAAAACATGCGCAG	1	1	random_original_genome	mutated_genome_2
33	46690	C	G	2246	13	2246	200000	22222	AATGTCAGTAAAACATGCGCACAATGGTCCATAACCTAAGTTT	TATGTCAGTAAAACATGCGCAGAATGGTCCATAATCTAAGTTT	1	1	random_original_genome	mutated_genome_2
34	46703	C	T	2259	13	2259	200000	22222	CATGCGCACAATGGTCCATAACCTAAGTTTCCTTCGAAGGCCA	CATGCGCAGAATGGTCCATAATCTAAGTTTCCTTCGAAGGCCA	1	1	random_original_genome	mutated_genome_2
35	46785	A	T	2341	82	2341	200000	22222	TAGCGTCGGGCCAACTCCTGGATACAAGAATGTTACATCTGCC	TAGCGTCGGGCCAACTCCTGGTTACAAGAATGTTACATCTGCC	1	1	random_original_genome	mutated_genome_2
36	46883	A	C	2439	98	2439	200000	22222	CGAGATAAACGACACCCCGTAAGGTTCGCACAAAATTCTTATT	CGAGATAAACGACACCCCGTACGGTTCGCACAAAATTCTTATT	1	1	random_original_genome	mutated_genome_2
37	47055	C	A	2611	172	2611	200000	22222	AACTGACGGGCGCCATGGGGCCGTACAGCCAAGTGGGCTAATT	AACTGACGGGCGCCATGGGGCAGTACAGCCAAGTGGGCTAATT	1	1	random_original_genome	mutated_genome_2
38	47262	A	C	2818	23	2818	200000	22222	TACCCGATGACCCCTTTTCGCACCCGATCAAGACCATTAGTGA	TACCCGATGACCCCTTTTCGCCCCCGATCAAGACCATTAGTGA	1	1	random_original_genome	mutated_genome_2
39	47285	T	A	2841	15	2841	200000	22222	CCGATCAAGACCATTAGTGAGTGGATGGATAAAAACCAGCCGC	CCGATCAAGACCATTAGTGAGAGGATGGATAAAAACAAGCCGG	1	1	random_original_genome	mutated_genome_2
40	47300	C	A	2856	6	2856	200000	22222	AGTGAGTGGATGGATAAAAACCAGCCGCTTAGGCCAACTTGAT	AGTGAGAGGATGGATAAAAACAAGCCGGTTAGGCCAACTTGAT	1	1	random_original_genome	mutated_genome_2
41	47306	C	G	2862	6	2862	200000	22222	TGGATGGATAAAAACCAGCCGCTTAGGCCAACTTGATTGACAG	AGGATGGATAAAAACAAGCCGGTTAGGCCAACTTGATTGACAG	1	1	random_original_genome	mutated_genome_2
42	47382	T	C	2938	51	2938	200000	22222	TCCGCAGCAGTAGTTTCAAACTTATACCGTTAATAAAGGAGGA	TCCGCAGCAGTAGTTTCAAACCTATACCGTTAATAAAGGAGGA	1	1	random_original_genome	mutated_genome_2
43	47433	A	G	2989	43	2989	200000	22222	CGAGCCTCGTTCGGGGCCGGAAACAGTAAGCCAAGGGATGGTG	CGAGCCTCGTTCGGGGCCGGAGACAGTAAGCCAAGGGATGGTG	1	1	random_original_genome	mutated_genome_2
44	47476	C	G	3032	9	3032	200000	22222	GAATGCAGCACACCTTACGGGCTGCCTCTCGCAAATTGGATCC	GAATGCAGCACACCTTACGGGGTGCCTCTCCCAAATTGGATCC	1	1	random_original_genome	mutated_genome_2
45	47485	G	C	3041	9	3041	200000	22222	ACACCTTACGGGCTGCCTCTCGCAAATTGGATCCAACAGGTAG	ACACCTTACGGGGTGCCTCTCCCAAATTGGATCCAACAGGTAG	1	1	random_original_genome	mutated_genome_2
46	47601	C	G	3157	44	3157	200000	22222	CAAATACCAGCTGTCAGCTTGCCATCTTGGGGCTTTTGAGCGA	CAAATACCAGCTGTCAGCTTGGCATCTTGGGGCTTTTGAGCGA	1	1	random_original_genome	mutated_genome_2
47	47645	T	C	3201	44	3201	200000	22222	TGCACTATTGCCCCACGGGGGTTATACCCAGGTATGACAAGCA	TGCACTATTGCCCCACGGGGGCTATACCCAGGTATGACAAGCA	1	1	random_original_genome	mutated_genome_2
48	47779	G	T	3335	3	3335	200000	22222	CGGGGCTCCAGCATCCGCACTGAATTGCCGCCGGACCCCATCG	CGGGGCTCCAGCATCCGCACTTAAGTGCCGCCGGACTCCATCG	1	1	random_original_genome	mutated_genome_2
49	47782	T	G	3338	3	3338	200000	22222	GGCTCCAGCATCCGCACTGAATTGCCGCCGGACCCCATCGTAC	GGCTCCAGCATCCGCACTTAAGTGCCGCCGGACTCCATCGTAC	1	1	random_original_genome	mutated_genome_2
50	47794	C	T	3350	12	3350	200000	22222	CGCACTGAATTGCCGCCGGACCCCATCGTACAGTGAGCTTAAC	CGCACTTAAGTGCCGCCGGACTCCATCGTACAGTGAGCTTAAC	1	1	random_original_genome	mutated_genome_2
51	47941	G	A	3497	65	3497	200000	22222	AGATGGGACAGCTGTGACAGAGTACTGATCGCGGGCTCCAGAG	AGATGGGACAGCTGTGACAGAATACTGATCGCGGGCTCCAGAG	1	1	random_original_genome	mutated_genome_2
52	48006	A	C	3562	65	3562	200000	22222	GCGTAGATCTGGAAGTGACAAAAGAATCAGGCACACTGAAGCA	GCGTAGATCTGGAAGTGACAACAGAATCAGGCACACTGAAGCA	1	1	random_original_genome	mutated_genome_2
53	48271	A	G	3827	265	3827	200000	22222	GCACGAGGCGAACTGAAGAATAATATCGCAACGACCTTCTCGA	GCACGAGGCGAACTGAAGAATGATATCGCAACGACCTTCTCGA	1	1	random_original_genome	mutated_genome_2
54	48544	T	C	4100	17	4100	200000	22222	GATCAGCTTAATCCTTGGTGTTGAGTGTCAGCTGTAGACGGCG	GATCAGCTTAATCCTTGGTGTCGAGTGTCAGCTGTAGAAGGCG	1	1	random_original_genome	mutated_genome_2
55	48561	C	A	4117	17	4117	200000	22222	GTGTTGAGTGTCAGCTGTAGACGGCGTGGATCCCTCTCTTGTA	GTGTCGAGTGTCAGCTGTAGAAGGCGTGGATCCCTCTCTTGTA	1	1	random_original_genome	mutated_genome_2
56	48591	C	T	4147	29	4147	200000	22222	TCCCTCTCTTGTAGATGGGACCATGCCTATGGATTAGGGCCCT	TCCCTCTCTTGTAGATGGGACTATGCCTATGGATTAGGGCCCT	1	1	random_original_genome	mutated_genome_2
57	48620	C	T	4176	29	4176	200000	22222	TGGATTAGGGCCCTTTAGGCACGAAATCATAACGGACTCTAAA	TGGATTAGGGCCCTTTAGGCATGAAATCATAACGGACTCTAAA	1	1	random_original_genome	mutated_genome_2
58	48658	G	A	4214	38	4214	200000	22222	CTAAACCGTCACCAGTGCCGCGATTTATCTCTATCCAAAAAAC	CTAAACCGTCACCAGTGCCGCAATTTATCTCTATCCAAAAAAC	1	1	random_original_genome	mutated_genome_2
59	48742	C	T	4298	63	4298	200000	22222	TAGGTTCAAGCGCGGCCACTCCGTGGATACCATGGGCGCCACC	TAGGTTCAAGCGCGGCCACTCTGTGGATACCATGGGCGCCACC	1	1	random_original_genome	mutated_genome_2
60	48805	C	T	4361	52	4361	200000	22222	AGACCGAACAATTGCGGTACGCCAATGCAGCCGTGCCGTCAGC	AGACCGAACAATTGCGGTACGTCAATGCAGCCGTGCCGTCAGC	1	1	random_original_genome	mutated_genome_2
61	48857	T	G	4413	33	4413	200000	22222	GTCGACCGACGCACACCATTCTCGGGATTCTAGCCCGTGTGGC	GTCGACCGACGCACACCATTCGCGGGATTCTAGCCCGTGTGGC	1	1	random_original_genome	mutated_genome_2
62	48890	A	T	4446	33	4446	200000	22222	CCCGTGTGGCAAGGTGGCGAGAAGTCGGACTGGATACGGCCCG	CCCGTGTGGCAAGGTGGCGAGTAGTCGGACTGGATACGGCCCG	1	1	random_original_genome	mutated_genome_2
63	48947	C	T	4503	57	4503	200000	22222	TCGATTTCCTTTCGCCTAACTCTCACCAGGGATTTGGCGGCGG	TCGATTTCCTTTCGCCTAACTTTCACCAGGGATTTGGCGGCGG	1	1	random_original_genome	mutated_genome_2
64	49024	C	T	4580	77	4580	200000	22222	AGCTCGTAGCCCGTTCGATAACTAACATAAGACGAATAATTAA	AGCTCGTAGCCCGTTCGATAATTAACATAAGACGAATAATTAA	1	1	random_original_genome	mutated_genome_2
65	49206	T	C	4762	94	4762	200000	22222	GAAGTAAGCGACGAAGCCGAATCCGGGAATGCGGGTACGTGCG	GAAGTAAGCGACGAAGCCGAACCCGGGAATGCGGGTACGTGCG	1	1	random_original_genome	mutated_genome_2
66	49300	C	A	4856	30	4856	200000	22222	GTAACTATCTATTTTGAACGCCTCGAACGTGCGCGGCTCACAT	GTAACTATCTATTTTGAACGCATCGAACGTGCGCGGCTCACAT	1	1	random_original_genome	mutated_genome_2
67	49330	T	G	4886	3	4886	200000	22222	GCGCGGCTCACATTGATGAGTTCAACCAGTGGGCGTGAATCGT	GCGCGGCTCACATTGATGAGTGCATCCAGTGGGCGTGAATCGT	1	1	random_original_genome	mutated_genome_2
68	49333	A	T	4889	3	4889	200000	22222	CGGCTCACATTGATGAGTTCAACCAGTGGGCGTGAATCGTAAG	CGGCTCACATTGATGAGTGCATCCAGTGGGCGTGAATCGTAAG	1	1	random_original_genome	mutated_genome_2
69	49417	G	T	4973	84	4973	200000	22222	GATACGCCGAACACCGCCCTCGCCTGTCGCGAAGCTCGACAAT	GATACGCCGAACACCGCCCTCTCCTGTCGCGAAGCTCGACAAT	1	1	random_original_genome	mutated_genome_2
70	49561	A	G	5117	54	5117	200000	22222	ATACTAGAGTGGTGCCCATTTACGTCTACCAGCGAGTTGAAGA	ATACTAGAGTGGTGCCCATTTGCGTCTACCAGCGAGTTGAAGA	1	1	random_original_genome	mutated_genome_2
71	49615	T	C	5171	54	5171	200000	22222	TATGTGCGGCCAGACCTGCCATTTGCCAAATGATGTTGTTAAC	TATGTGCGGCCAGACCTGCCACTTGCCAAATGATGTTGTTAAC	1	1	random_original_genome	mutated_genome_2
72	49950	T	C	5506	80	5506	200000	22222	GATCAGGTATTGTGTAGCCTTTGTAGTTAGCCGCCTGGAGCGA	GATCAGGTATTGTGTAGCCTTCGTAGTTAGCCGCCTGGAGCGA	1	1	random_original_genome	mutated_genome_2
73	50030	A	C	5586	80	5586	200000	22222	GTCACCTCAGATTCGGCTGCCAGGAACCTGATATGCGAGTCCG	GTCACCTCAGATTCGGCTGCCCGGAACCTGATATGCGAGTCCG	1	1	random_original_genome	mutated_genome_2
74	50206	T	G	5762	27	5762	200000	22222	ACCGCGCCCTCATATATTGTCTAGGGACGACGCAGTTGTGTGG	ACCGCGCCCTCATATATTGTCGAGGGACGACGCAGTTGTGTGG	1	1	random_original_genome	mutated_genome_2
75	50233	G	C	5789	27	5789	200000	22222	CGACGCAGTTGTGTGGCTCAAGGTGGCGATCCGGTAATTCACA	CGACGCAGTTGTGTGGCTCAACGTGGCGATCCGGTAATTCACA	1	1	random_original_genome	mutated_genome_2
76	50338	A	G	5894	94	5894	200000	22222	TTGGTGTGTCCCATACTGGTAACGATAAAGAGAGGTAAGGTAA	TTGGTGTGTCCCATACTGGTAGCGATAAAGAGAGGTAAGGTAA	1	1	random_original_genome	mutated_genome_2
77	50432	A	T	5988	90	5988	200000	22222	GATAATTCAGACGAGATAGGTAGTGTGATCTGAGTGGTCTTTT	GATAATTCAGACGAGATAGGTTGTGTGATCTGAGTGGTCTTTT	1	1	random_original_genome	mutated_genome_2
78	50522	G	A	6078	66	6078	200000	22222	CTATGGGTCGCAAAAATGTAGGAGTCGTATTTGTTTGAAAGAA	CTATGGGTCGCAAAAATGTAGAAGTCGTATTTGTTTGAAAGAA	1	1	random_original_genome	mutated_genome_2
79	50588	A	C	6144	66	6144	200000	22222	AGGTAGCCGTCACCTCGGAATAATGGGCCCCATGTCTAATCTA	AGGTAGCCGTCACCTCGGAATCATGGGCCCCATGTCTAATCTA	1	1	random_original_genome	mutated_genome_2
80	50672	C	G	6228	10	6228	200000	22222	TGAGGGTTGTTGGTCACAGTTCGGTCCATCTAGACTTGGAAAC	TGAGGGTTGTTGGTCACAGTTGGGTCCATCTCGACTTGGAAAC	1	1	random_original_genome	mutated_genome_2
81	50682	A	C	6238	10	6238	200000	22222	TGGTCACAGTTCGGTCCATCTAGACTTGGAAACGATCACAAGG	TGGTCACAGTTGGGTCCATCTCGACTTGGAAACGATCACAAGG	1	1	random_original_genome	mutated_genome_2
82	50708	A	T	6264	26	6264	200000	22222	TGGAAACGATCACAAGGTGGAACTGTCCTCATACCCTCCAAAA	TGGAAACGATCACAAGGTGGATCTGTCCTCATACCCTCCAAAA	1	1	random_original_genome	mutated_genome_2
83	50776	T	G	6332	20	6332	200000	22222	GGACACACAATGTACTAAGTTTGCTGCAAGTACAAAGTGAGCA	GGACACACAATGTACTAAGTTGGCTGCAAGTACAAAGTGAGAA	1	1	random_original_genome	mutated_genome_2
84	50796	C	A	6352	20	6352	200000	22222	TTGCTGCAAGTACAAAGTGAGCAGAATTGCCCGTTGAGCGCAG	TGGCTGCAAGTACAAAGTGAGAAGAATTGCCCGTTGAGCGCAG	1	1	random_original_genome	mutated_genome_2
85	50863	C	T	6419	42	6419	200000	22222	AATCACCGACGGACACGCCGTCGCCGACGAATCGAGGACTGTA	AATCACCGACGGACACGCCGTTGCCGACGAATCGAGGACTGTA	1	1	random_original_genome	mutated_genome_2
86	50905	G	T	6461	42	6461	200000	22222	AATCACCGGGTACAAGGAGTGGCCGCTTCGCCAAGCTCATGAC	AATCACCGGGTACAAGGAGTGTCCGCTTCGCCAAGCTCATGAC	1	1	random_original_genome	mutated_genome_2
87	51147	A	T	6703	98	6703	200000	22222	CATAATTGGCATCTGGTGGTAAGTGCGGGCACCGCACCAGGAT	CATAATTGGCATCTGGTGGTATGTGCGGGCACCGCACCAGGAT	1	1	random_original_genome	mutated_genome_2
88	51245	G	A	6801	81	6801	200000	22222	CCATGTAACTGCTCTTTGTCAGGTAAACGATTAGCCAAGGTAG	CCATGTAACTGCTCTTTGTCAAGTAAACGATTAGCCAAGGTAG	1	1	random_original_genome	mutated_genome_2
89	51326	C	A	6882	81	6882	200000	22222	CAAGTGAGCAAACTCTCGGGCCGGCTCCAATGACTACATTCTA	CAAGTGAGCAAACTCTCGGGCAGGCTCCAATGACTACATTCTA	1	1	random_original_genome	mutated_genome_2
90	51679	G	A	7235	49	7235	200000	22222	TTCCATGCCCACCTGGACAGAGCTCCCCAATTTTGTGACAATA	TTCCATGCCCACCTGGACAGAACTCCCCAATTTTGTGACAATA	1	1	random_original_genome	mutated_genome_2
91	51728	A	C	7284	49	7284	200000	22222	GCAACCAGTACCCCCAAACGAACATCTAGACTAGGAATAGAGG	GCAACCAGTACCCCCAAACGACCATCTAGACTAGGAATAGAGG	1	1	random_original_genome	mutated_genome_2
92	51976	G	A	7532	36	7532	200000	22222	ATCGGTCTTTTCACCACAGAAGTCAGATGGGTCCTCTTCGTGG	ATCGGTCTTTTCACCACAGAAATCAGATGGGTCCTCTTCGTGG	1	1	random_original_genome	mutated_genome_2
93	52012	T	C	7568	36	7568	200000	22222	TTCGTGGCATCCAAGCCCACCTCGTACGTTTCGAAAGTCACCA	TTCGTGGCATCCAAGCCCACCCCGTACGTTTCGAAAGTCACCA	1	1	random_original_genome	mutated_genome_2
94	52118	T	A	7674	106	7674	200000	22222	AATGGTGAGCTCTGCCGCGTTTTTGCACTAAGGGCTTTACAAG	AATGGTGAGCTCTGCCGCGTTATTGCACTAAGGGCTTTACAAG	1	1	random_original_genome	mutated_genome_2
95	52225	A	T	7781	107	7781	200000	22222	ATAGCGTCGCAAGTTATTCTAATAAGACCAGCCCACACGGAGA	ATAGCGTCGCAAGTTATTCTATTAAGACCAGCCCACACGGAGA	1	1	random_original_genome	mutated_genome_2
96	52332	A	T	7888	3	7888	200000	22222	CAAGACGAAGGGCATACTTAGACGAAGAGTAATCGCGGGGAGA	CAAGACGAAGGGCATACTTAGTCGCAGAGTAATCGCGGGGAGA	1	1	random_original_genome	mutated_genome_2
97	52335	A	C	7891	3	7891	200000	22222	GACGAAGGGCATACTTAGACGAAGAGTAATCGCGGGGAGAAGT	GACGAAGGGCATACTTAGTCGCAGAGTAATCGCGGGGAGAAGT	1	1	random_original_genome	mutated_genome_2
98	52409	A	T	7965	35	7965	200000	22222	AGTGGACGTGCGGTCCTAACGAATAGGTTACAATCGATATCGC	AGTGGACGTGCGGTCCTAACGTATAGGTTACAATCGATATCGC	1	1	random_original_genome	mutated_genome_2
99	52444	A	G	8000	35	8000	200000	22222	GATATCGCAAGTGTGTATTATAAGGACAAGACTCTAGGACCCG	GATATCGCAAGTGTGTATTATGAGGACAAGACTCTAGGACCCG	1	1	random_original_genome	mutated_genome_2
100	52564	C	A	8120	120	8120	200000	22222	ACTTCCACGCGTCCTGACTGGCACATTCGCTGTGACAGTTATG	ACTTCCACGCGTCCTGACTGGAACATTCGCTGTGACAGTTATG	1	1	random_original_genome	mutated_genome_2
101	52780	G	T	8336	154	8336	200000	22222	AGGGAGTGTTATCGTGCAAGGGTGCTCCCGTTAAGACACTGAT	AGGGAGTGTTATCGTGCAAGGTTGCTCCCGTTAAGACACTGAT	1	1	random_original_genome	mutated_genome_2
102	52934	T	A	8490	154	8490	200000	22222	ACAGCTGTTCATATTATTGCGTTGGGGGCATTTGGATCGCTCT	ACAGCTGTTCATATTATTGCGATGGGGGCATTTGGATCGCTCT	1	1	random_original_genome	mutated_genome_2
103	53175	C	A	8731	138	8731	200000	22222	ACGTACTTGAGAAGTTGACCTCGTAATTTACCATCGCAGGCTC	ACGTACTTGAGAAGTTGACCTAGTAATTTACCATCGCAGGCTC	1	1	random_original_genome	mutated_genome_2
104	53313	A	C	8869	17	8869	200000	22222	CTGTACAGCGTACATAGGGGAAAATACCTTAACCTGAGTCCAC	CTGTACAGCGTACATAGGGGACAATACCTTAACCTGAGGCCAC	1	1	random_original_genome	mutated_genome_2
105	53330	T	G	8886	17	8886	200000	22222	GGGAAAATACCTTAACCTGAGTCCACGAGGGACTCGCTTCAGT	GGGACAATACCTTAACCTGAGGCCACGAGGGACTCGCTTCAGT	1	1	random_original_genome	mutated_genome_2
106	53522	A	C	9078	192	9078	200000	22222	TATGTCCAACCTGGTTGCTCCAATTCTAAATGTTCTTTTAGAA	TATGTCCAACCTGGTTGCTCCCATTCTAAATGTTCTTTTAGAA	1	1	random_original_genome	mutated_genome_2
107	53758	C	T	9314	233	9314	200000	22222	CCCTTTTCGTTTTATGTGCTTCAACGAGTGCTTGGACACCGAT	CCCTTTTCGTTTTATGTGCTTTAACGAGTGCTTGGACACCGAT	1	1	random_original_genome	mutated_genome_2
108	53991	T	C	9547	129	9547	200000	22222	AGCAAACCGGCTACGAGCTCCTTATTAATTAGTTGCGATTCGG	AGCAAACCGGCTACGAGCTCCCTATTAATTAGTTGCGATTCGG	1	1	random_original_genome	mutated_genome_2
109	54120	C	T	9676	129	9676	200000	22222	TAATGATCCACACCTTAGGTCCTCGCTCAGCTTCGCAGAGTTG	TAATGATCCACACCTTAGGTCTTCGCTCAGCTTCGCAGAGTTG	1	1	random_original_genome	mutated_genome_2
110	54276	A	G	9832	117	9832	200000	22222	CGTCGCGCAACCTCCGTATGTAGCCTAGCAGTAGCAGGAGGTA	CGTCGCGCAACCTCCGTATGTGGCCTAGCAGTAGCAGGAGGTA	1	1	random_original_genome	mutated_genome_2
111	54393	A	G	9949	117	9949	200000	22222	GCTCGACTACAGGACGGGCTAATATACATAGAACACGTAATCA	GCTCGACTACAGGACGGGCTAGTATACATAGAACACGTAATCA	1	1	random_original_genome	mutated_genome_2
112	54516	G	T	10072	123	10072	200000	22222	AGATGTAGTTCCCCCGACAGGGGCACGGGCCGCTTTATGGCGT	AGATGTAGTTCCCCCGACAGGTGCACGGGCCGCTTTATGGCGT	1	1	random_original_genome	mutated_genome_2
113	54678	A	C	10234	47	10234	200000	22222	ATTCTTCTATATACTTACCCTAGCTTGGGCAGCTAAAAGTAAG	ATTCTTCTATATACTTACCCTCGCTTGGGCAGCTAAAAGTAAG	1	1	random_original_genome	mutated_genome_2
114	54725	A	G	10281	1	10281	200000	22222	GGAAGACTATCTAAAGGACGCACGGCTCCTGTGTTCAGAAGAC	GGAAGACTATCTAAAGGACGCGTGGCTCCTGTGTTCAGAAGAC	1	1	random_original_genome	mutated_genome_2
115	54726	C	T	10282	1	10282	200000	22222	GAAGACTATCTAAAGGACGCACGGCTCCTGTGTTCAGAAGACC	GAAGACTATCTAAAGGACGCGTGGCTCCTGTGTTCAGAAGACC	1	1	random_original_genome	mutated_genome_2
116	54994	T	A	10550	61	10550	200000	22222	GAGCGCGCTTGACGACAGATTTGAGAGCAGGGTTGCTTAGGAC	GAGCGCGCTTGACGACAGATTAGAGAGCAGGGTTGCTTAGGAC	1	1	random_original_genome	mutated_genome_2
117	55055	T	C	10611	61	10611	200000	22222	ATGTGCCAGGTATGAGGACAATTATAATCCGAGGGCCTTGCCA	ATGTGCCAGGTATGAGGACAACTATAATCCGAGGGCCTTGCCA	1	1	random_original_genome	mutated_genome_2
118	55154	G	T	10710	7	10710	200000	22222	GAACTCCGCCGGGGGCTGAACGCTAGGTAGTTTGACGCCGGGT	GAACTCCGCCGGGGGCTGAACTCTAGGTTGTTTGACGCCGGGT	1	1	random_original_genome	mutated_genome_2
119	55161	A	T	10717	7	10717	200000	22222	GCCGGGGGCTGAACGCTAGGTAGTTTGACGCCGGGTTAGACCC	GCCGGGGGCTGAACTCTAGGTTGTTTGACGCCGGGTTAGACCC	1	1	random_original_genome	mutated_genome_2
120	55256	T	C	10812	20	10812	200000	22222	CCTCTATAGTAAATTCTGAGGTTCCTGATTTGTCCGTTATGGA	CCTCTATAGTAAATTCTGAGGCTCCTGATTTGTCCGTTATGAA	1	1	random_original_genome	mutated_genome_2
121	55276	G	A	10832	20	10832	200000	22222	GTTCCTGATTTGTCCGTTATGGATGTTATATGGAATCCGCCTC	GCTCCTGATTTGTCCGTTATGAATGTTATATGGAATCCGCCTC	1	1	random_original_genome	mutated_genome_2
122	55417	T	G	10973	44	10973	200000	22222	CGATTACTCATGCAAGCGGTGTGGCGTGCTTTAGACAAAGTAG	CGATTACTCATGCAAGCGGTGGGGCGTGCTTTAGACAAAGTAG	1	1	random_original_genome	mutated_genome_2
123	55461	G	A	11017	44	11017	200000	22222	CACACCCGATCAAACACCCCGGATACAGTCGAGTCCCGTATCG	CACACCCGATCAAACACCCCGAATACAGTCGAGTCCCGTATCG	1	1	random_original_genome	mutated_genome_2
124	55793	G	T	11349	16	10874	200000	22222	ATCCTTGGACCCGTAAGCAATGGCAACCCCGTCCCATGGACTG	ATCCTTGGACCCGTAAGCAATTGCAACCCCGTCCCATAGACTG	1	1	random_original_genome	mutated_genome_2
125	55809	G	A	11365	16	10858	200000	22222	GCAATGGCAACCCCGTCCCATGGACTGGGGGTAGAAGTGATTC	GCAATTGCAACCCCGTCCCATAGACTGGGGGTAGAAGTGATTC	1	1	random_original_genome	mutated_genome_2
126	55956	A	G	11512	7	10711	200000	22222	TCCCCAAATGCCGTTAACGCTAAGAGGGATTGACAGAACTCCC	TCCCCAAATGCCGTTAACGCTGAGAGGGCTTGACAGAACTCCC	1	1	random_original_genome	mutated_genome_2
127	55963	A	C	11519	7	10704	200000	22222	ATGCCGTTAACGCTAAGAGGGATTGACAGAACTCCCTGTAGAC	ATGCCGTTAACGCTGAGAGGGCTTGACAGAACTCCCTGTAGAC	1	1	random_original_genome	mutated_genome_2
128	56053	A	G	11609	90	10614	200000	22222	GGTGTTGCGAAACACCTGCCGATCATCCGAGCTCAGAGGAAAG	GGTGTTGCGAAACACCTGCCGGTCATCCGAGCTCAGAGGAAAG	1	1	random_original_genome	mutated_genome_2
129	56181	A	T	11737	70	10486	200000	22222	AAACTCGATACACCTCACAGGAAAAGAACCGGAATAAAGTATC	AAACTCGATACACCTCACAGGTAAAGAACCGGAATAAAGTATC	1	1	random_original_genome	mutated_genome_2
130	56251	C	G	11807	28	10416	200000	22222	CCACGGACGGTATGGTATTAACCACTTTTAATTGCTAACCTCG	CCACGGACGGTATGGTATTAAGCACTTTTAATTGCTAACCTCG	1	1	random_original_genome	mutated_genome_2
131	56279	T	G	11835	28	10388	200000	22222	TAATTGCTAACCTCGTGATTATCCCCTCCAACGTTTTATGTAC	TAATTGCTAACCTCGTGATTAGCCCCTCCAACGTTTTATGTAC	1	1	random_original_genome	mutated_genome_2
132	56576	C	G	12132	38	10091	200000	22222	GGTCGAGCGACTAGCACCGCTCTCGGTGGACCTGTAACCTAAT	GGTCGAGCGACTAGCACCGCTGTCGGTGGACCTGTAACCTAAT	1	1	random_original_genome	mutated_genome_2
133	56614	A	C	12170	38	10053	200000	22222	CTAATAAGAACAGGAGCTCCGATGTCAGCAAAAAAGTACAGTT	CTAATAAGAACAGGAGCTCCGCTGTCAGCAAAAAAGTACAGTT	1	1	random_original_genome	mutated_genome_2
134	56706	C	A	12262	56	9961	200000	22222	TAGTCATATCGGTCGTGACGACCAGAAGGTAGAGCGAAAGATG	TAGTCATATCGGTCGTGACGAACAGAAGGTAGAGCGAAAGATG	1	1	random_original_genome	mutated_genome_2
135	56762	T	G	12318	7	9905	200000	22222	CTAGCCGCGCTTGCAGCTCCTTATCCCTAAACCATCTGTTAAT	CTAGCCGCGCTTGCAGCTCCTGATCCCTGAACCATCTGTTAAT	1	1	random_original_genome	mutated_genome_2
136	56769	A	G	12325	7	9898	200000	22222	CGCTTGCAGCTCCTTATCCCTAAACCATCTGTTAATGTTGTCT	CGCTTGCAGCTCCTGATCCCTGAACCATCTGTTAATGTTGTCT	1	1	random_original_genome	mutated_genome_2
137	56813	G	C	12369	44	9854	200000	22222	CAGACTGCCGAAAGCTAAAGCGTGACGCTGCTTCACGCATTCC	CAGACTGCCGAAAGCTAAAGCCTGACGCTGCTTCACGCATTCC	1	1	random_original_genome	mutated_genome_2
138	56873	G	T	12429	60	9794	200000	22222	GATACTACCATATCACAAAGGGACTTCCCAGCGTGTTTCCCCA	GATACTACCATATCACAAAGGTACTTCCCAGCGTGTTTCCCCA	1	1	random_original_genome	mutated_genome_2
139	57295	G	C	12851	27	9372	200000	22222	CAAACTTTGAGCGCTGCCAGCGAGTACGTGAGTAGTTGTCCGA	CAAACTTTGAGCGCTGCCAGCCAGTACGTGAGTAGTTGTCCGA	1	1	random_original_genome	mutated_genome_2
140	57322	C	A	12878	11	9345	200000	22222	GTGAGTAGTTGTCCGAATACACATTTGACGTCTGCGGCCATAT	GTGAGTAGTTGTCCGAATACAAATTTGACGTCAGCGGCCATAT	1	1	random_original_genome	mutated_genome_2
141	57333	T	A	12889	11	9334	200000	22222	TCCGAATACACATTTGACGTCTGCGGCCATATATGTGTGATAT	TCCGAATACAAATTTGACGTCAGCGGCCATATATGTGTGGTAT	1	1	random_original_genome	mutated_genome_2
142	57351	A	G	12907	7	9316	200000	22222	GTCTGCGGCCATATATGTGTGATATGCAAGTGCCGTTACAGAG	GTCAGCGGCCATATATGTGTGGTATGCATGTGCCGTTACAGAG	1	1	random_original_genome	mutated_genome_2
143	57358	A	T	12914	7	9309	200000	22222	GCCATATATGTGTGATATGCAAGTGCCGTTACAGAGCTAAGGG	GCCATATATGTGTGGTATGCATGTGCCGTTACAGAGCTAAGGG	1	1	random_original_genome	mutated_genome_2
144	57448	C	G	13004	23	9219	200000	22222	CCTCTCCTTGGACTTTGCCTGCGAGATCGGTGAGTCCATGAGA	CCTCTCCTTGGACTTTGCCTGGGAGATCGGTGAGTCCATGAGA	1	1	random_original_genome	mutated_genome_2
145	57471	C	T	13027	23	9196	200000	22222	AGATCGGTGAGTCCATGAGAGCCATAGACAATAGCCCGGTTCT	AGATCGGTGAGTCCATGAGAGTCATAGACAATAGCCCGGTTCT	1	1	random_original_genome	mutated_genome_2
146	57553	G	T	13109	82	9114	200000	22222	TTCCAAAGTGGATTCCAACTTGGTTCCAAAGAAGCGGTAAGAA	TTCCAAAGTGGATTCCAACTTTGTTCCAAAGAAGCGGTAAGAA	1	1	random_original_genome	mutated_genome_2
147	57835	C	A	13391	34	8832	200000	22222	AAACTCAAGTTAGCTGCACACCTGCGCTCTCCCCTTTCGCAAT	AAACTCAAGTTAGCTGCACACATGCGCTCTCCCCTTTCGCAAT	1	1	random_original_genome	mutated_genome_2
148	57869	C	A	13425	34	8798	200000	22222	TTTCGCAATTCGATGAAGAAGCCCAAATTTTTGGACTCGACTA	TTTCGCAATTCGATGAAGAAGACCAAATTTTTGGACTCGACTA	1	1	random_original_genome	mutated_genome_2
149	58049	A	T	13605	13	8618	200000	22222	CGGGGCTCTAGACTGGAAACCACAAGCTAGCTCGACTTAGGCT	CGGGGCTCTAGACTGGAAACCTCAAGCTAGCTCGCCTTAGGCT	1	1	random_original_genome	mutated_genome_2
150	58062	A	C	13618	13	8605	200000	22222	TGGAAACCACAAGCTAGCTCGACTTAGGCTCTCAAACAAGCCC	TGGAAACCTCAAGCTAGCTCGCCTTAGGCTCTCAAACAAGCCC	1	1	random_original_genome	mutated_genome_2
151	58442	A	G	13998	49	8225	200000	22222	ATGTCAACTATCTTATTTAATACATAAGGTCTACCCTAGATGA	ATGTCAACTATCTTATTTAATGCATAAGGTCTACCCTAGATGA	1	1	random_original_genome	mutated_genome_2
152	58491	T	A	14047	49	8176	200000	22222	TTCTTGCTTATGTTAATCGGCTATTCATATTGTCCAAAGATTA	TTCTTGCTTATGTTAATCGGCAATTCATATTGTCCAAAGATTA	1	1	random_original_genome	mutated_genome_2
153	58612	G	C	14168	92	8055	200000	22222	CCGATTCCCGTGAGATTTGCCGGATTTAAATATCCCGGAAGCC	CCGATTCCCGTGAGATTTGCCCGATTTAAATATCCCGGAAGCC	1	1	random_original_genome	mutated_genome_2
154	58704	G	T	14260	92	7963	200000	22222	GTGATGGGTTTCTCAACTAGGGGCTCCGTTAGCGGGGGATATG	GTGATGGGTTTCTCAACTAGGTGCTCCGTTAGCGGGGGATATG	1	1	random_original_genome	mutated_genome_2
155	58899	G	T	14455	8	7768	200000	22222	GAGCCTGGGCCTGCACGTAACGACACCAGGTAGCACGGTGCCA	GAGCCTGGGCCTGCACGTAACTACACCAGCTAGCACGGTGCCA	1	1	random_original_genome	mutated_genome_2
156	58907	G	C	14463	8	7760	200000	22222	GCCTGCACGTAACGACACCAGGTAGCACGGTGCCACTGTTTGT	GCCTGCACGTAACTACACCAGCTAGCACGGTGCCACTGTTTGT	1	1	random_original_genome	mutated_genome_2
157	59174	T	A	14730	82	7493	200000	22222	GTTTTTCAACCCCCGGCGAGATGCTAATTTCCCGATGATAATC	GTTTTTCAACCCCCGGCGAGAAGCTAATTTCCCGATGATAATC	1	1	random_original_genome	mutated_genome_2
158	59256	G	C	14812	46	7411	200000	22222	AGCCTACTCTGCACGTTAGGTGGTTTTACTGCAAGAAGATTGG	AGCCTACTCTGCACGTTAGGTCGTTTTACTGCAAGAAGATTGG	1	1	random_original_genome	mutated_genome_2
159	59302	T	C	14858	46	7365	200000	22222	CTATCAACTTTTGGCGCGTTCTCTCTGCGACAAACCCCTGCCT	CTATCAACTTTTGGCGCGTTCCCTCTGCGACAAACCCCTGCCT	1	1	random_original_genome	mutated_genome_2
160	59357	G	T	14913	55	7310	200000	22222	ACTAGAGTTGGAAATTGACTGGCTCTTCGTGGAAACAGACGCA	ACTAGAGTTGGAAATTGACTGTCTCTTCGTGGAAACAGACGCA	1	1	random_original_genome	mutated_genome_2
161	59701	C	G	15257	199	6966	200000	22222	AACCGCACCGGAACTGAGACACAAGACGGGGAGTATTCCGTGA	AACCGCACCGGAACTGAGACAGAAGACGGGGAGTATTCCGTGA	1	1	random_original_genome	mutated_genome_2
162	59900	T	A	15456	199	6767	200000	22222	TCATCAACGAAGGATCCCATATAACACAACTCTCACAATAATT	TCATCAACGAAGGATCCCATAAAACACAACTCTCACAATAATT	1	1	random_original_genome	mutated_genome_2
163	60111	C	T	15667	6	6556	200000	22222	ATGCATAGGCCTGTCGGGTACCAGGGACTAGCTTTATTCATTG	ATGCATAGGCCTGTCGGGTACTAGGGATTAGCTTTATTCATTG	1	1	random_original_genome	mutated_genome_2
164	60117	C	T	15673	6	6550	200000	22222	AGGCCTGTCGGGTACCAGGGACTAGCTTTATTCATTGGAGGAA	AGGCCTGTCGGGTACTAGGGATTAGCTTTATTCATTGGAGGAA	1	1	random_original_genome	mutated_genome_2
165	60149	T	A	15705	32	6518	200000	22222	CATTGGAGGAAACGGGCCTGGTATGAATAAGTGAAGACGCCGC	CATTGGAGGAAACGGGCCTGGAATGAATAAGTGAAGACGCCGC	1	1	random_original_genome	mutated_genome_2
166	60205	G	A	15761	56	6462	200000	22222	AGCAATGCCACGGATGAGTGGGGCCTTATTCTATCACTATATG	AGCAATGCCACGGATGAGTGGAGCCTTATTCTATCACTATATG	1	1	random_original_genome	mutated_genome_2
167	60379	G	A	15935	113	6288	200000	22222	TCTTTCCAAAACAAGCAGGTGGTTCTAGGTAACATAGCGCCCA	TCTTTCCAAAACAAGCAGGTGATTCTAGGTAACATAGCGCCCA	1	1	random_original_genome	mutated_genome_2
168	60492	T	C	16048	93	6175	200000	22222	GGGTAGCAACACACACCCTCCTGTTTTTTTCGCCGCGGAGCAT	GGGTAGCAACACACACCCTCCCGTTTTTTTCGCCGCGGAGCAT	1	1	random_original_genome	mutated_genome_2
169	60585	A	T	16141	93	6082	200000	22222	GTAGGCGGTGGGAGTTGCTGTACAAAGGAAGTGTTTATACGGC	GTAGGCGGTGGGAGTTGCTGTTCAAAGGAAGTGTTTATACGGC	1	1	random_original_genome	mutated_genome_2
170	60727	A	T	16283	39	5940	200000	22222	CCATCAAGCTGTCCTCGTTAAACGAAGCGACGGTTGCCCTTGG	CCATCAAGCTGTCCTCGTTAATCGAAGCGACGGTTGCCCTTGG	1	1	random_original_genome	mutated_genome_2
171	60766	T	A	16322	39	5901	200000	22222	TTGGCACCTGCCGTAATAACGTTGCGTTACGGCCCGATGATTT	TTGGCACCTGCCGTAATAACGATGCGTTACGGCCCGATGATTT	1	1	random_original_genome	mutated_genome_2
172	60873	A	T	16429	53	5794	200000	22222	GTTGCACGGCGAAGAATCGCTATTTTTTCTAGCAGAGCGTACA	GTTGCACGGCGAAGAATCGCTTTTTTTTCTAGCAGAGCGTACA	1	1	random_original_genome	mutated_genome_2
173	60926	T	C	16482	45	5741	200000	22222	TGCCAGGCTCCGATTGCGACATGGGTTAACTGTATATTACTAG	TGCCAGGCTCCGATTGCGACACGGGTTAACTGTATATTACTAG	1	1	random_original_genome	mutated_genome_2
174	60971	G	T	16527	45	5696	200000	22222	CATTGTGTCAGTACTCTTGCGGTGACGGATTAGGCGAGGGCGC	CATTGTGTCAGTACTCTTGCGTTGACGGATTAGGCGAGGGCGC	1	1	random_original_genome	mutated_genome_2
175	61018	T	A	16574	47	5649	200000	22222	ACTTGTTAATACTACTTGTGCTTATCGAAGACACAGCCAGGTG	ACTTGTTAATACTACTTGTGCATATCGAAGACACAGCCAGGTG	1	1	random_original_genome	mutated_genome_2
176	61080	G	C	16636	1	5587	200000	22222	CCGCAGAACAGCAACAGGTAAGGGTGAGTGCCGGAATATTCTT	CCGCAGAACAGCAACAGGTAACCGTGAGTGCCGGAATAGTCTT	1	1	random_original_genome	mutated_genome_2
177	61081	G	C	16637	1	5586	200000	22222	CGCAGAACAGCAACAGGTAAGGGTGAGTGCCGGAATATTCTTT	CGCAGAACAGCAACAGGTAACCGTGAGTGCCGGAATAGTCTTT	1	1	random_original_genome	mutated_genome_2
178	61097	T	G	16653	16	5570	200000	22222	GTAAGGGTGAGTGCCGGAATATTCTTTCGGTGCTGTATCGCCT	GTAACCGTGAGTGCCGGAATAGTCTTTCGGTGCTGTATCGCCT	1	1	random_original_genome	mutated_genome_2
179	61198	T	G	16754	23	5469	200000	22222	CATCATTCTAGCGCATCTTGTTGAGAGCAGACAAGCTGTGAGC	CATCATTCTAGCGCATCTTGTGGAGAGCAGACAAGCTGTGAGC	1	1	random_original_genome	mutated_genome_2
180	61221	T	A	16777	9	5446	200000	22222	AGAGCAGACAAGCTGTGAGCTTAGAGAGATGCACATGACACTC	AGAGCAGACAAGCTGTGAGCTAAGAGAGATACACATGACACTC	1	1	random_original_genome	mutated_genome_2
181	61230	G	A	16786	9	5437	200000	22222	AAGCTGTGAGCTTAGAGAGATGCACATGACACTCATCGCTGTC	AAGCTGTGAGCTAAGAGAGATACACATGACACTCATCGCTGTC	1	1	random_original_genome	mutated_genome_2
182	61268	C	A	16824	1	5399	200000	22222	CTGTCCCAAACCACAGTCGTTCAAATTTTGACTTCGATCAACG	CTGTCCCAAACCACAGTCGTTAGAATTTTGACTTCGATCAACG	1	1	random_original_genome	mutated_genome_2
183	61269	A	G	16825	1	5398	200000	22222	TGTCCCAAACCACAGTCGTTCAAATTTTGACTTCGATCAACGT	TGTCCCAAACCACAGTCGTTAGAATTTTGACTTCGATCAACGT	1	1	random_original_genome	mutated_genome_2
184	61361	T	C	16917	92	5306	200000	22222	CCACTCAATGATCGACATAGGTCTGATCGGCGGGTATCACCAT	CCACTCAATGATCGACATAGGCCTGATCGGCGGGTATCACCAT	1	1	random_original_genome	mutated_genome_2
185	61619	T	A	17175	102	5048	200000	22222	GCACCGTCCAGTTCTGTGAACTCGACCGATGTATTAGTCTGAT	GCACCGTCCAGTTCTGTGAACACGACCGATGTATTAGTCTGAT	1	1	random_original_genome	mutated_genome_2
186	61721	C	T	17277	66	4946	200000	22222	GAGAACGCATGGTGTAAGGACCTTACAGAGTGGATACTCACCA	GAGAACGCATGGTGTAAGGACTTTACAGAGTGGATACTCACCA	1	1	random_original_genome	mutated_genome_2
187	61787	C	A	17343	38	4880	200000	22222	GTTTGACTTGCGACAACGCGGCGTAATCGTAATCCTTTCGGCT	GTTTGACTTGCGACAACGCGGAGTAATCGTAATCCTTTCGGCT	1	1	random_original_genome	mutated_genome_2
188	61825	G	A	17381	5	4842	200000	22222	CGGCTATGTTTCCCTGTTGACGACTCTGAAGCTCGCGACCCGA	CGGCTATGTTTCCCTGTTGACAACTCCGAAGCTCGCGACCCGA	1	1	random_original_genome	mutated_genome_2
189	61830	T	C	17386	5	4837	200000	22222	ATGTTTCCCTGTTGACGACTCTGAAGCTCGCGACCCGACACTC	ATGTTTCCCTGTTGACAACTCCGAAGCTCGCGACCCGACAGTC	1	1	random_original_genome	mutated_genome_2
190	61849	C	G	17405	19	4818	200000	22222	TCTGAAGCTCGCGACCCGACACTCTCGATTGGTGCCATAATCA	TCCGAAGCTCGCGACCCGACAGTCTCGATTGGTGCCATAATCA	1	1	random_original_genome	mutated_genome_2
191	61886	A	G	17442	37	4781	200000	22222	TAATCATCGCCAAGCCCTACGAGGTCATAATGAGTAGACGATT	TAATCATCGCCAAGCCCTACGGGGTCATAATGAGTAGACGATT	1	1	random_original_genome	mutated_genome_2
192	61931	A	T	17487	40	4736	200000	22222	AGTTAGATTGTAGCGTGGATCAACTAATTACTTTTCCTAGGCG	AGTTAGATTGTAGCGTGGATCTACTAATTACTTTTCCTAGGCG	1	1	random_original_genome	mutated_genome_2
193	61971	C	G	17527	40	4696	200000	22222	GCGCGTATGCTGCATGGTTAGCACGAAAGGGTTGGTAGCGTAT	GCGCGTATGCTGCATGGTTAGGACGAAAGGGTTGGTAGCGTAT	1	1	random_original_genome	mutated_genome_2
194	62184	G	A	17740	78	4483	200000	22222	CGTTTTCGCATAGAGTCCTGGGTAAGAGTTGGTGTCCATCCTG	CGTTTTCGCATAGAGTCCTGGATAAGAGTTGGTGTCCATCCTG	1	1	random_original_genome	mutated_genome_2
195	62262	G	T	17818	78	4405	200000	22222	ATGCTGCAAGCAGCATTAAACGTCCACACTATGAGTTCCTTTG	ATGCTGCAAGCAGCATTAAACTTCCACACTATGAGTTCCTTTG	1	1	random_original_genome	mutated_genome_2
196	62726	T	G	18282	7	3941	200000	22222	GCCACGCCGCCTGTAAAGCTGTCTTATTCTCGACGGAAGCAGG	GCCACGCCGCCTGTAAAGCTGGCTTATTATCGACGGAAGGAGG	1	1	random_original_genome	mutated_genome_2
197	62733	C	A	18289	7	3934	200000	22222	CGCCTGTAAAGCTGTCTTATTCTCGACGGAAGCAGGCTCGTTC	CGCCTGTAAAGCTGGCTTATTATCGACGGAAGGAGGCTCGTTC	1	1	random_original_genome	mutated_genome_2
198	62744	C	G	18300	11	3923	200000	22222	CTGTCTTATTCTCGACGGAAGCAGGCTCGTTCTGTCCGTGAGC	CTGGCTTATTATCGACGGAAGGAGGCTCGTTCTGTACGTGAGC	1	1	random_original_genome	mutated_genome_2
199	62758	C	A	18314	14	3909	200000	22222	ACGGAAGCAGGCTCGTTCTGTCCGTGAGCAACTTACACCGATT	ACGGAAGGAGGCTCGTTCTGTACGTGAGCAACTTACACCGATT	1	1	random_original_genome	mutated_genome_2
200	62786	C	G	18342	14	3881	200000	22222	CAACTTACACCGATTTCGGGGCGCGTCTGACTAAGGCAGAACG	CAACTTACACCGATTTCGGGGGGCGTCTGACTAAGTCAGAACG	1	1	random_original_genome	mutated_genome_2
201	62800	G	T	18356	14	3867	200000	22222	TTCGGGGCGCGTCTGACTAAGGCAGAACGTATGACTTCGACAA	TTCGGGGGGCGTCTGACTAAGTCAGAACGTATGACTTCGACAA	1	1	random_original_genome	mutated_genome_2
202	62928	G	T	18484	128	3739	200000	22222	CTCGCATCTTTAGATTGGAGGGGGATACGATCCTCAGACTTCT	CTCGCATCTTTAGATTGGAGGTGGATACGATCCTCAGACTTCT	1	1	random_original_genome	mutated_genome_2
203	63075	C	G	18631	78	3592	200000	22222	TTGACGCCCCAGAACAAATGACTTACTATAACAAACGGTTTGC	TTGACGCCCCAGAACAAATGAGTTACTATAACAAACGGTTTGC	1	1	random_original_genome	mutated_genome_2
204	63153	G	A	18709	78	3514	200000	22222	TATGTGCTGCTACTAACACATGATTATTCGCACCCAACGTTAG	TATGTGCTGCTACTAACACATAATTATTCGCACCCAACGTTAG	1	1	random_original_genome	mutated_genome_2
205	63480	G	T	19036	125	3187	200000	22222	CAATGAAAGTAATCGGAAATCGCAGAAGCGTCCCGCATTGCTA	CAATGAAAGTAATCGGAAATCTCAGAAGCGTCCCGCATTGCTA	1	1	random_original_genome	mutated_genome_2
206	63605	T	G	19161	79	3062	200000	22222	GGTTTACTATCCCGAACCTAATCATCGTAAATTAGGCATGGCA	GGTTTACTATCCCGAACCTAAGCATCGTAAATTAGGCATGGCA	1	1	random_original_genome	mutated_genome_2
207	63684	C	A	19240	13	2983	200000	22222	AGGAAGCTAACCGGTGCGTGTCTAACGTATATCTTGGTGGTAT	AGGAAGCTAACCGGTGCGTGTATAACGTATATCTAGGTGGTAT	1	1	random_original_genome	mutated_genome_2
208	63697	T	A	19253	13	2970	200000	22222	GTGCGTGTCTAACGTATATCTTGGTGGTATTGCAGTCTAAATG	GTGCGTGTATAACGTATATCTAGGTGGTATTGCAGTCTAAATG	1	1	random_original_genome	mutated_genome_2
209	63741	A	G	19297	1	2926	200000	22222	CTACTCCTTTTGGCTCCCTCTAGGTAATGATGGCGTTAAAGAC	CTACTCCTTTTGGCTCCCTCTGTGTAATGATGGCGTTAAAGAC	1	1	random_original_genome	mutated_genome_2
210	63742	G	T	19298	1	2925	200000	22222	TACTCCTTTTGGCTCCCTCTAGGTAATGATGGCGTTAAAGACC	TACTCCTTTTGGCTCCCTCTGTGTAATGATGGCGTTAAAGACC	1	1	random_original_genome	mutated_genome_2
211	63768	T	G	19324	11	2899	200000	22222	TGATGGCGTTAAAGACCGAGATTGCTCGACAGTATTTGCAGGG	TGATGGCGTTAAAGACCGAGAGTGCTCGACAGCATTTGCAGGG	1	1	random_original_genome	mutated_genome_2
212	63779	T	C	19335	11	2888	200000	22222	AAGACCGAGATTGCTCGACAGTATTTGCAGGGCGCTGTTATCG	AAGACCGAGAGTGCTCGACAGCATTTGCAGGGCGCTGTTATCG	1	1	random_original_genome	mutated_genome_2
213	63829	A	C	19385	1	2838	200000	22222	CTTCCTAATATCTCAGAACATATTAACGGTTGGTATGACATGG	CTTCCTAATATCTCAGAACATCCTAACGGTTGGTATGACATGG	1	1	random_original_genome	mutated_genome_2
214	63830	T	C	19386	1	2837	200000	22222	TTCCTAATATCTCAGAACATATTAACGGTTGGTATGACATGGA	TTCCTAATATCTCAGAACATCCTAACGGTTGGTATGACATGGA	1	1	random_original_genome	mutated_genome_2
215	63940	C	T	19496	9	2727	200000	22222	TGTTCGTCCATGTGCCAGATGCGGTCGCTTTGACTTTACAACT	TGTTCGTCCATGTGCCAGATGTGGTCGCTTGGACTTTACAACT	1	1	random_original_genome	mutated_genome_2
216	63949	T	G	19505	9	2718	200000	22222	ATGTGCCAGATGCGGTCGCTTTGACTTTACAACTACACCCTTT	ATGTGCCAGATGTGGTCGCTTGGACTTTACAACTACACGCTTT	1	1	random_original_genome	mutated_genome_2
217	63966	C	G	19522	17	2701	200000	22222	GCTTTGACTTTACAACTACACCCTTTCCAGTTAGGAGGACGGG	GCTTGGACTTTACAACTACACGCTTTCCAGTTAGGAGGACGGG	1	1	random_original_genome	mutated_genome_2
218	64002	T	G	19558	36	2665	200000	22222	GGACGGGTATTGGCCAGGGAATCCGCGGAAGAAGTGTCCACCT	GGACGGGTATTGGCCAGGGAAGCCGCGGAAGAAGTGTCCACCT	1	1	random_original_genome	mutated_genome_2
219	64053	A	T	19609	21	2614	200000	22222	ATTACTCGAATAATTTCATGCATCAACTTAATCAATTGTGTTG	ATTACTCGAATAATTTCATGCTTCAACTTAATCAATTGTGTTT	1	1	random_original_genome	mutated_genome_2
220	64074	G	T	19630	21	2593	200000	22222	ATCAACTTAATCAATTGTGTTGGTTCAAGGACCATGGCTTGTC	TTCAACTTAATCAATTGTGTTTGTTCAAGGACCATGGCTTGTC	1	1	random_original_genome	mutated_genome_2
221	64122	C	G	19678	40	2545	200000	22222	GATGCAGAAGCCAGTACATGACTATGTACAACAGTTTCCCGTA	GATGCAGAAGCCAGTACATGAGTATGTACAACAGTTTCCCGTA	1	1	random_original_genome	mutated_genome_2
222	64162	T	C	19718	15	2505	200000	22222	GTAACTCAGTTCCGGTAAGAATTACGACGGCAGGTGCGCGAAA	GTAACTCAGTTCCGGTAAGAACTACGACGGCAGGTGAGGGAAA	1	1	random_original_genome	mutated_genome_2
223	64177	C	A	19733	2	2490	200000	22222	TAAGAATTACGACGGCAGGTGCGCGAAACAACGGGGACGATAC	TAAGAACTACGACGGCAGGTGAGGGAAACAACGGGGACGATAC	1	1	random_original_genome	mutated_genome_2
224	64179	C	G	19735	2	2488	200000	22222	AGAATTACGACGGCAGGTGCGCGAAACAACGGGGACGATACAA	AGAACTACGACGGCAGGTGAGGGAAACAACGGGGACGATACAA	1	1	random_original_genome	mutated_genome_2
225	64400	G	C	19956	142	2267	200000	22222	ACCCTAGCATGGCTCTGTTGGGTATCGCCGTTGGCACAAGCGG	ACCCTAGCATGGCTCTGTTGGCTATCGCCGTTGGCACAAGCGG	1	1	random_original_genome	mutated_genome_2
226	64542	A	C	20098	31	2125	200000	22222	GTTCGACGACTGCAGAGGAATAGAGAATCTCCCGAGCTAATCG	GTTCGACGACTGCAGAGGAATCGAGAATCTCCCGAGCTAATCG	1	1	random_original_genome	mutated_genome_2
227	64573	G	C	20129	31	2094	200000	22222	CCGAGCTAATCGGGCGACGTTGTGGGTATAGACGGTATGCTTA	CCGAGCTAATCGGGCGACGTTCTGGGTATAGACGGTATGCTTA	1	1	random_original_genome	mutated_genome_2
228	64644	T	A	20200	71	2023	200000	22222	TAGGAAAGGTCATAAACAGTATCGTTAGTCAGGTGCTCTATTG	TAGGAAAGGTCATAAACAGTAACGTTAGTCAGGTGCTCTATTG	1	1	random_original_genome	mutated_genome_2
229	64753	T	C	20309	9	1914	200000	22222	GTCTTATAGTTATTGGACAATTGTATGACGAAGGTTAATGAGC	GTCTTATAGTTATTGGACAATCGTATGACGCAGGTTAATGAGC	1	1	random_original_genome	mutated_genome_2
230	64762	A	C	20318	9	1905	200000	22222	TTATTGGACAATTGTATGACGAAGGTTAATGAGCATCACTATA	TTATTGGACAATCGTATGACGCAGGTTAATGAGCATCACTATA	1	1	random_original_genome	mutated_genome_2
231	64785	T	C	20341	23	1882	200000	22222	GGTTAATGAGCATCACTATAATCTGGTATATAGTAACATGCAG	GGTTAATGAGCATCACTATAACCTGGTATATAGTAACATGCAG	1	1	random_original_genome	mutated_genome_2
232	64826	A	T	20382	41	1841	200000	22222	AGTTGGTAACGATAGGCGCGGAATTTTTGAAATATTTTAGATA	AGTTGGTAACGATAGGCGCGGTATTTTTGAAATATTTTAGATA	1	1	random_original_genome	mutated_genome_2
233	65176	T	A	20732	195	1491	200000	22222	ACCCTCCGGCATCGGGATACTTGGGGGTTGTTGACAGTAGAGA	ACCCTCCGGCATCGGGATACTAGGGGGTTGTTGACAGTAGAGA	1	1	random_original_genome	mutated_genome_2
234	65371	T	G	20927	158	1296	200000	22222	CTCCACCTTTGGTACCTATCGTTCCTATTGAATGAACTGCGGG	CTCCACCTTTGGTACCTATCGGTCCTATTGAATGAACTGCGGG	1	1	random_original_genome	mutated_genome_2
235	65529	C	T	21085	158	1138	200000	22222	TGGAAAATTTAAAAGGTTGATCGATCGGATAAGCAGGGTAGTC	TGGAAAATTTAAAAGGTTGATTGATCGGATAAGCAGGGTAGTC	1	1	random_original_genome	mutated_genome_2
236	65749	G	T	21305	17	918	200000	22222	GCTTAATGACTCCCAAGAGGCGAGGCTTACCGTGTTACCGGTG	GCTTAATGACTCCCAAGAGGCTAGGCTTACCGTGTTACGGTTG	1	1	random_original_genome	mutated_genome_2
237	65766	C	G	21322	2	901	200000	22222	AGGCGAGGCTTACCGTGTTACCGGTGCAACTCTCGTGCCACAA	AGGCTAGGCTTACCGTGTTACGGTTGCAACTCTCGTGCCACAA	1	1	random_original_genome	mutated_genome_2
238	65768	G	T	21324	2	899	200000	22222	GCGAGGCTTACCGTGTTACCGGTGCAACTCTCGTGCCACAATG	GCTAGGCTTACCGTGTTACGGTTGCAACTCTCGTGCCACAATG	1	1	random_original_genome	mutated_genome_2
239	65850	T	A	21406	38	817	200000	22222	TATTCCAGCTGATACCTGAACTGCAAAATTCATATTGGCTCAC	TATTCCAGCTGATACCTGAACAGCAAAATTCATATTGGCTCAC	1	1	random_original_genome	mutated_genome_2
240	65888	T	C	21444	38	779	200000	22222	CTCACGACACCTGCGATGGTGTCACTAAAGTTGAGGTTTTTTA	CTCACGACACCTGCGATGGTGCCACTAAAGTTGAGGTTTTTTA	1	1	random_original_genome	mutated_genome_2
241	65987	T	G	21543	44	680	200000	22222	AGCAACGCCGAGCGCTGCTTGTACGTGTTGGACGGCTTAAGAT	AGCAACGCCGAGCGCTGCTTGGACGTGTTGGACGGCTTAAGAT	1	1	random_original_genome	mutated_genome_2
242	66031	T	C	21587	1	636	200000	22222	GGCAGCCACTGCTACGTTGCATTGAACATCATGACACGTGTCG	GGCAGCCACTGCTACGTTGCACGGAACATCATGACACGTGTCG	1	1	random_original_genome	mutated_genome_2
243	66032	T	G	21588	1	635	200000	22222	GCAGCCACTGCTACGTTGCATTGAACATCATGACACGTGTCGC	GCAGCCACTGCTACGTTGCACGGAACATCATGACACGTGTCGC	1	1	random_original_genome	mutated_genome_2
244	66055	C	G	21611	23	612	200000	22222	AACATCATGACACGTGTCGCTCACCGGCAGAAGCAGCCCACCG	AACATCATGACACGTGTCGCTGACCGGCAGAAGCAGCCCACCG	1	1	random_original_genome	mutated_genome_2
245	66116	T	A	21672	61	551	200000	22222	CCAATAGTTACTTTGAAACTCTCCTAGGAGGGAACTTGGTCTA	CCAATAGTTACTTTGAAACTCACCTAGGAGGGAACTTGGTCTA	1	1	random_original_genome	mutated_genome_2
246	66352	T	A	21908	34	315	200000	22222	GCGGAAATCTGCGGCAGGCGGTTTCCCCAACAAAAGTAGTTTA	GCGGAAATCTGCGGCAGGCGGATTCCCCAACAAAAGTAGTTTA	1	1	random_original_genome	mutated_genome_2
247	66386	C	T	21942	34	281	200000	22222	AGTAGTTTATGCCAAAGGTGACTTCTACTGACGTGACCGTGGA	AGTAGTTTATGCCAAAGGTGATTTCTACTGACGTGACCGTGGA	1	1	random_original_genome	mutated_genome_2
248	66494	G	T	22050	108	173	200000	22222	TACAGTATACTGCTCGGTTAAGAAACATTGGCTAGAGAAACGG	TACAGTATACTGCTCGGTTAATAAACATTGGCTAGAGAAACGG	1	1	random_original_genome	mutated_genome_2
249	66656	A	G	22212	11	11	200000	22222	GGTAAGTCTATGGCACTGACCAAAGTGAGGATACAGCGCGATG	GGTAAGTCTATGGCACTGACCGAAGTGAGGAT-----------	1	1	random_original_genome	mutated_genome_2
